TV_Ads_k$,Online_Ads_k$,Radio_Ads_k$,Base_Price_$,Discount_%,Holiday_Flag,Competition_km,Store_Size,Month,Season,Units_Sold
24.08,20.0,6.74,15,23.7,0,1.23,1,5,2,136
32.34,20.48,0.04,15,10.3,1,4.36,2,8,3,240
10.61,15.66,8.33,20,7.5,0,1.72,2,2,1,193
18.37,21.46,11.83,15,8.1,0,2.63,2,8,3,189
23.99,12.63,7.57,5,15.7,0,1.94,1,4,2,160
46.47,7.32,5.46,10,12.8,1,2.98,2,1,1,342
38.94,9.33,13.64,10,18.9,0,2.57,2,9,4,240
22.93,28.46,13.37,5,7.7,0,1.54,2,8,3,245
32.64,12.12,4.95,10,14.3,0,2.87,3,7,3,231
27.05,8.33,3.9,15,7.9,0,1.04,1,4,2,190
14.59,14.88,11.61,20,7.4,0,1.71,1,6,3,81
16.72,21.4,5.04,15,3.3,0,2.59,1,11,4,215
14.46,17.87,5.91,20,12.5,0,1.11,2,9,4,183
24.11,15.22,5.0,10,13.5,0,0.33,3,10,4,384
26.58,20.18,11.97,5,11.9,0,3.61,1,1,1,215
7.11,15.37,8.22,5,21.8,0,0.3,1,4,2,187
35.63,8.1,7.44,15,14.7,0,1.19,1,6,3,115
25.37,10.05,5.41,10,11.8,0,3.62,2,7,3,148
23.36,19.35,11.13,20,9.8,0,0.62,3,5,2,329
21.72,6.87,10.67,20,11.3,0,2.59,1,7,3,105
40.89,12.13,10.97,5,14.9,0,1.53,3,5,2,290
23.11,19.06,4.47,20,14.6,0,1.1,2,2,1,216
23.18,11.44,3.45,20,0.0,0,1.22,2,9,4,280
32.18,21.97,8.89,20,0.0,1,2.35,1,3,2,297
24.99,11.07,9.87,20,12.9,0,1.86,2,1,1,192
32.82,10.4,9.85,15,17.7,1,2.53,2,12,1,293
25.87,23.06,13.12,15,8.0,0,2.58,3,8,3,308
25.66,6.71,7.3,5,11.7,0,2.44,2,10,4,185
37.01,0.0,12.16,15,4.8,0,4.33,2,12,1,232
24.38,9.97,2.5,20,6.9,0,1.53,1,5,2,130
15.99,14.67,4.07,10,16.5,0,1.72,1,6,3,131
12.41,15.26,9.14,20,11.2,1,1.67,1,6,3,128
25.57,20.43,8.94,15,13.0,0,1.29,3,10,4,310
15.34,14.8,10.36,15,7.2,0,2.21,2,3,2,235
32.49,8.35,13.74,10,15.8,0,2.34,1,4,2,148
27.78,12.58,8.14,10,9.8,0,1.08,1,8,3,187
21.89,9.08,8.18,10,14.1,0,2.49,3,4,2,236
18.46,10.85,7.06,15,10.4,0,2.0,2,6,3,163
24.27,19.52,7.39,10,8.2,0,4.08,2,9,4,247
30.92,14.71,11.74,20,14.8,0,0.82,2,5,2,266
33.58,15.54,7.48,15,4.8,0,1.81,2,3,2,268
13.06,24.95,9.3,20,17.1,0,4.0,1,2,1,116
44.02,16.28,7.53,10,17.4,0,2.71,2,11,4,274
18.55,8.05,8.55,20,7.4,0,2.76,1,2,1,164
13.18,10.64,10.86,10,7.1,0,1.41,1,7,3,162
40.52,15.34,9.41,15,6.0,0,1.74,1,3,2,221
37.16,5.95,13.82,15,9.7,1,1.57,2,3,2,272
34.36,21.63,8.34,5,12.7,0,1.02,2,12,1,374
18.24,10.35,10.86,10,12.2,0,1.38,1,11,4,189
35.69,7.81,3.35,15,7.0,0,2.82,3,11,4,284
23.9,15.81,9.06,5,0.0,0,2.42,1,12,1,288
11.07,25.27,9.4,20,14.1,1,2.14,1,5,2,190
18.28,17.68,5.93,20,12.2,0,1.37,1,3,2,138
12.38,21.98,12.06,5,17.0,0,3.19,2,2,1,220
34.02,15.9,9.16,5,15.2,0,2.11,3,9,4,306
36.74,12.58,6.2,10,5.5,0,2.89,3,8,3,289
14.61,14.32,10.86,10,9.8,0,0.71,2,12,1,329
23.44,16.86,13.61,10,10.1,0,0.9,2,12,1,305
28.95,18.96,4.85,10,3.2,0,0.99,2,11,4,337
13.34,9.29,10.5,15,11.0,1,1.95,3,6,3,228
34.37,11.42,10.84,10,13.5,0,2.57,1,4,2,167
14.95,21.22,4.38,5,16.0,0,2.08,1,7,3,146
11.09,25.15,8.06,15,11.9,1,2.03,2,2,1,307
16.54,25.51,5.15,10,3.3,0,1.4,2,9,4,300
21.28,30.09,11.59,20,14.0,0,0.3,1,10,4,316
16.4,23.22,12.54,20,14.7,0,2.23,2,12,1,222
37.06,2.42,9.38,20,14.3,0,2.87,2,6,3,115
25.02,22.09,13.4,5,3.0,0,1.99,2,1,1,406
10.72,9.49,5.51,5,9.7,0,1.99,1,6,3,153
28.43,18.58,11.81,15,12.4,1,0.83,1,2,1,311
10.66,8.84,2.14,5,17.0,0,0.3,3,11,4,363
40.31,16.9,8.15,10,5.9,0,2.41,1,7,3,206
12.98,18.25,9.28,20,11.9,1,4.1,2,9,4,249
20.54,19.18,11.17,10,24.1,0,3.13,1,10,4,110
26.92,6.87,6.87,20,15.3,0,4.17,2,4,2,193
17.22,18.9,8.03,15,12.5,1,2.03,2,3,2,251
15.15,17.72,10.2,20,15.1,0,3.97,1,7,3,84
27.53,9.93,3.96,5,12.9,0,1.42,1,1,1,222
9.39,26.72,11.32,5,11.6,0,3.77,3,6,3,269
35.4,17.26,9.59,10,7.4,0,3.93,2,11,4,271
12.07,11.49,12.71,15,3.4,0,2.07,2,9,4,217
12.45,13.19,8.02,20,16.4,0,4.17,2,6,3,110
23.55,19.47,10.6,20,10.5,1,3.09,1,8,3,156
2.88,7.9,11.2,15,7.7,0,1.49,1,11,4,161
24.82,6.68,9.0,20,11.3,0,1.43,2,2,1,196
17.7,17.46,6.04,5,11.5,0,1.31,1,8,3,155
28.33,8.57,7.1,20,13.4,0,1.95,2,10,4,137
23.92,31.23,18.16,20,14.0,0,0.79,2,2,1,310
33.99,20.29,7.13,5,6.9,0,2.5,1,11,4,304
16.0,20.71,10.36,10,6.3,0,0.9,1,1,1,281
32.96,21.56,12.03,10,8.2,0,1.97,1,4,2,230
24.98,15.81,11.24,5,6.2,0,2.54,3,7,3,293
19.82,9.57,9.46,15,14.4,0,2.19,3,10,4,255
27.14,10.98,7.43,10,5.5,0,1.96,3,11,4,346
17.24,20.13,9.9,10,9.4,0,1.11,2,7,3,225
19.08,11.4,4.49,5,3.8,0,4.49,3,1,1,364
19.61,7.7,9.75,15,0.0,1,1.62,3,7,3,311
26.78,20.11,4.0,10,11.5,0,1.13,1,3,2,193
23.83,24.56,11.22,10,18.3,0,2.27,3,5,2,302
3.68,7.84,7.85,15,9.0,0,1.51,1,12,1,156
39.35,18.76,6.25,10,12.4,0,2.82,2,6,3,206
42.27,16.17,2.81,20,13.5,0,2.98,2,2,1,246
18.59,19.57,7.48,15,11.1,0,3.08,1,3,2,157
33.34,16.24,9.04,15,1.1,0,4.4,1,12,1,244
30.56,18.22,1.88,20,11.4,0,2.28,1,5,2,100
20.72,16.85,7.9,5,12.1,0,1.03,2,1,1,322
22.94,22.14,9.53,15,9.7,1,2.03,2,1,1,383
35.69,17.85,6.09,20,8.2,0,2.32,2,11,4,278
8.91,12.81,9.27,10,9.1,0,1.29,2,6,3,178
33.16,2.79,9.47,15,3.1,0,2.08,2,4,2,250
37.47,17.27,8.6,5,7.2,0,0.3,2,12,1,494
18.6,11.76,6.66,15,16.8,0,1.33,1,5,2,90
39.72,9.44,6.09,10,6.6,0,2.09,2,9,4,300
32.93,11.04,6.14,5,13.0,0,0.42,2,8,3,314
35.96,18.12,7.8,15,7.2,1,0.57,2,6,3,373
24.06,25.09,8.25,5,11.6,0,1.44,2,8,3,240
14.65,24.28,6.03,15,11.4,0,1.5,3,2,1,309
21.24,25.38,9.53,5,8.8,0,3.31,2,12,1,310
2.4,17.54,1.7,20,10.1,0,2.68,2,6,3,141
16.7,12.07,3.04,10,9.2,0,0.63,1,6,3,221
31.64,13.08,6.6,5,10.1,1,1.59,3,6,3,371
16.47,13.56,5.58,10,0.0,1,1.92,3,8,3,397
28.79,18.61,10.26,10,20.9,0,3.37,1,9,4,138
45.25,14.03,0.0,5,4.0,0,2.2,1,10,4,274
19.62,15.28,6.94,10,13.3,0,1.35,2,11,4,232
28.31,16.39,7.94,5,1.5,0,4.19,2,10,4,336
9.56,15.05,11.66,15,2.3,0,1.85,2,9,4,239
34.39,4.17,8.64,5,10.3,0,1.23,2,5,2,273
34.34,18.22,9.52,15,10.8,0,2.6,2,7,3,240
18.45,19.89,8.67,20,10.8,0,2.06,2,3,2,171
15.35,17.85,10.48,5,5.3,0,2.63,1,6,3,187
20.6,15.38,14.85,10,2.0,0,2.51,1,10,4,232
12.49,4.2,12.7,20,10.2,0,2.69,1,7,3,42
30.44,29.52,15.07,15,11.4,0,3.23,3,1,1,373
35.51,8.58,9.7,5,7.9,0,0.5,3,8,3,291
26.18,12.26,7.62,15,5.6,0,2.72,3,5,2,284
6.91,12.78,12.66,10,15.3,0,0.84,1,12,1,136
40.94,22.41,4.03,15,6.0,0,1.46,2,2,1,332
29.79,14.97,5.17,10,11.0,0,2.29,3,5,2,281
27.31,14.38,9.84,20,19.1,0,2.63,1,6,3,86
8.88,13.31,4.0,15,15.3,0,3.28,2,10,4,120
23.87,13.37,11.68,5,14.4,0,2.43,1,9,4,186
25.43,17.59,7.12,5,4.8,0,2.2,2,1,1,311
26.05,15.99,12.0,10,18.0,0,2.39,2,9,4,226
30.78,15.19,1.81,20,4.8,0,3.7,2,6,3,155
16.56,23.94,13.26,5,8.0,0,1.51,3,1,1,400
20.15,14.21,8.34,20,8.3,0,2.86,2,10,4,190
17.4,26.33,7.1,10,2.8,0,1.26,1,6,3,236
22.7,9.74,11.16,15,1.9,0,3.15,1,3,2,212
6.75,9.85,3.39,15,17.1,0,1.7,1,2,1,134
34.56,29.87,4.13,10,10.9,0,1.29,3,9,4,409
29.7,15.06,10.12,5,13.2,1,0.57,1,4,2,342
32.55,21.01,8.44,5,13.2,0,2.21,3,1,1,362
23.38,7.97,8.8,5,18.6,0,3.7,3,2,1,270
27.83,15.42,5.85,20,15.9,1,2.79,3,2,1,343
20.0,13.55,1.6,10,7.7,0,3.27,3,10,4,294
40.71,14.53,7.71,15,10.9,0,2.81,2,4,2,225
12.46,21.05,2.01,5,13.1,0,2.23,1,10,4,144
11.31,14.92,5.18,10,0.0,0,2.59,2,12,1,281
23.65,15.84,9.75,10,2.7,0,0.92,1,1,1,294
26.64,19.94,6.53,5,18.2,1,2.33,2,8,3,230
48.46,16.0,9.18,5,10.9,0,3.36,2,9,4,331
35.47,29.4,13.15,10,6.9,0,1.63,1,4,2,318
30.38,20.13,5.72,20,7.4,0,3.0,3,7,3,212
16.18,14.43,11.33,15,9.9,1,3.18,2,2,1,299
15.2,21.32,4.16,10,5.4,0,3.07,3,2,1,305
15.11,21.33,7.42,15,5.5,0,4.07,3,12,1,345
32.74,14.16,4.99,5,8.4,0,2.81,3,7,3,290
34.3,15.18,7.58,20,9.7,1,2.85,2,2,1,303
33.77,21.96,4.76,10,7.8,0,2.23,1,8,3,194
15.5,14.59,9.68,20,14.8,0,0.78,3,2,1,259
10.63,8.62,5.68,10,10.7,0,0.97,3,10,4,244
25.78,14.84,8.44,10,3.1,0,1.9,1,8,3,189
29.65,11.78,8.49,10,2.6,0,1.98,1,3,2,244
27.03,22.43,8.25,20,1.2,0,2.3,2,10,4,283
32.7,20.62,3.16,20,7.9,0,2.61,2,4,2,237
33.2,17.36,12.25,20,6.7,0,1.58,1,7,3,191
37.51,6.09,8.42,10,15.6,0,1.02,1,11,4,203
32.82,12.62,9.8,20,12.5,0,2.13,1,2,1,148
8.8,15.93,11.67,15,9.7,0,3.56,1,7,3,115
18.15,13.4,6.92,20,16.1,0,2.58,3,9,4,203
22.72,15.73,8.25,10,2.8,0,3.11,1,11,4,249
43.39,5.72,7.16,20,11.6,1,2.09,3,11,4,369
18.0,30.02,10.04,5,18.4,1,0.3,3,6,3,454
21.84,22.44,6.54,10,13.1,0,2.55,1,6,3,159
22.71,13.89,10.32,15,4.3,0,1.78,3,5,2,272
32.02,26.48,6.18,15,19.4,0,3.18,1,2,1,175
21.78,10.01,10.12,5,7.0,1,4.25,2,5,2,296
27.77,18.47,6.59,10,8.6,0,1.37,1,2,1,230
11.1,13.24,9.82,15,9.3,0,1.98,2,4,2,193
25.91,24.11,9.32,15,12.5,0,2.07,1,3,2,210
36.71,19.51,8.24,15,10.6,0,1.75,2,11,4,223
30.67,23.97,8.64,10,9.2,1,1.56,3,10,4,419
22.68,16.61,11.69,15,6.3,0,2.96,3,2,1,344
33.59,2.52,6.7,5,2.3,0,2.44,1,4,2,214
33.42,14.81,7.68,15,8.5,0,0.3,1,7,3,286
29.06,16.37,5.96,5,16.5,0,1.64,1,12,1,185
31.86,12.11,7.94,5,10.7,0,2.12,2,11,4,293
35.5,9.65,8.52,10,3.1,0,0.65,3,8,3,335
17.7,22.87,8.83,10,8.0,0,1.66,2,2,1,313
18.9,21.52,11.57,15,15.9,0,1.52,2,4,2,182
31.49,9.17,8.76,15,13.2,0,2.3,2,11,4,230
42.1,6.26,0.78,15,11.9,0,1.61,1,11,4,157
23.88,19.35,9.2,10,8.7,0,0.85,2,3,2,250
14.64,12.38,11.49,10,4.6,0,1.55,3,8,3,248
37.23,3.73,9.84,15,13.2,0,3.55,2,5,2,201
21.78,5.95,10.81,20,10.3,0,1.2,1,1,1,177
20.94,15.17,3.91,20,7.5,0,4.17,2,1,1,183
1.19,20.68,5.14,5,7.1,0,0.79,2,6,3,210
23.64,5.79,11.87,5,9.5,1,0.3,1,12,1,451
30.96,15.96,7.19,20,7.9,0,2.47,3,12,1,302
14.87,29.79,5.99,10,6.5,0,2.86,2,1,1,294
33.8,3.21,5.03,20,2.5,0,3.17,2,5,2,191
14.49,7.35,16.58,20,25.4,0,1.77,1,6,3,40
18.59,10.03,6.82,10,0.8,0,2.96,3,5,2,283
15.06,7.75,5.36,15,15.3,0,1.11,2,12,1,174
15.63,26.72,10.14,10,17.1,0,2.76,1,7,3,146
9.66,13.45,9.21,20,12.0,0,1.83,1,9,4,102
21.07,14.0,9.07,10,15.3,1,2.37,2,2,1,308
20.35,16.04,2.61,5,8.3,0,3.19,1,8,3,179
21.4,0.0,5.56,5,6.4,0,3.95,1,10,4,144
26.35,8.88,13.66,15,3.0,0,1.76,1,3,2,214
7.62,24.37,9.85,10,7.2,0,1.76,1,10,4,218
29.21,21.87,0.41,15,6.8,0,1.91,1,4,2,188
30.18,13.08,4.73,10,11.4,0,0.68,1,3,2,206
22.76,8.89,8.76,20,9.7,0,3.64,1,1,1,158
30.12,12.01,8.21,5,17.4,0,1.99,1,4,2,146
23.63,20.7,10.09,20,12.4,0,2.31,2,12,1,231
42.5,16.21,7.68,15,9.1,0,1.54,1,8,3,211
35.16,21.01,6.33,15,0.4,0,0.3,2,8,3,387
32.59,9.19,5.17,10,10.6,0,2.39,2,10,4,248
10.85,14.61,6.45,5,10.3,0,2.75,1,8,3,159
24.59,23.89,11.82,10,4.6,0,0.75,1,3,2,280
31.54,9.66,10.74,15,1.3,0,4.21,2,5,2,232
34.08,5.54,9.13,10,5.4,0,2.92,2,10,4,290
24.06,22.2,2.28,10,16.0,0,0.55,1,5,2,216
44.7,16.03,8.3,15,8.4,0,1.56,3,9,4,369
29.34,16.85,7.02,10,9.0,0,1.6,2,2,1,283
18.64,7.82,6.54,5,0.0,0,1.34,2,2,1,317
18.28,9.7,7.29,15,9.6,0,1.4,2,9,4,214
30.2,13.81,8.54,20,15.0,0,2.39,2,11,4,209
33.05,8.55,5.25,20,15.4,1,0.3,3,5,2,446
30.64,22.17,7.4,5,14.0,0,2.16,3,6,3,268
23.27,25.18,12.47,20,11.0,0,1.15,3,8,3,242
35.97,19.51,6.95,10,9.9,0,2.54,1,2,1,274
10.37,10.55,6.55,15,1.4,0,3.18,2,11,4,216
19.09,17.61,6.69,20,12.0,0,3.76,1,4,2,111
26.63,6.36,9.8,5,18.4,0,1.82,1,9,4,159
33.55,19.15,5.51,20,11.5,0,1.72,1,5,2,184
29.68,17.13,9.59,20,11.3,0,1.18,1,7,3,139
14.51,13.03,7.09,10,8.8,0,3.42,1,10,4,158
36.11,18.53,7.32,20,15.1,0,1.55,3,4,2,241
40.27,11.64,10.07,15,10.3,0,2.36,3,6,3,241
42.86,16.45,12.21,15,12.1,0,1.81,1,7,3,176
28.48,29.61,7.96,10,12.4,0,1.23,1,11,4,227
46.56,25.78,8.59,5,3.5,0,1.24,2,7,3,306
31.53,15.08,4.07,15,13.7,0,2.15,1,6,3,164
28.75,11.64,7.1,15,6.9,0,2.81,2,9,4,226
25.75,14.54,10.81,20,2.2,0,3.53,2,11,4,240
17.98,10.97,10.36,5,7.6,1,2.53,1,12,1,313
22.19,13.44,7.5,5,10.4,0,3.58,1,10,4,210
25.8,8.14,9.42,5,4.2,0,1.52,2,9,4,305
21.31,16.38,11.68,10,16.4,0,1.73,2,4,2,201
25.2,17.56,9.18,10,9.6,0,3.63,3,4,2,300
3.11,7.18,10.43,20,6.2,0,3.35,2,4,2,131
35.09,16.13,7.23,20,3.0,0,3.29,3,7,3,249
7.84,15.22,11.01,15,7.5,0,1.92,1,10,4,167
26.95,16.1,9.22,15,14.5,0,1.85,3,8,3,219
26.21,17.4,7.83,20,8.1,0,3.23,2,1,1,251
23.92,17.71,8.37,10,11.7,0,1.63,1,4,2,197
18.85,21.92,12.2,10,7.6,0,0.49,3,10,4,385
33.62,23.7,6.27,5,1.5,0,2.1,1,12,1,362
30.6,21.03,10.79,20,6.1,0,1.72,3,6,3,241
32.92,14.48,11.06,10,7.3,0,3.87,2,1,1,289
18.36,12.2,7.17,15,21.0,0,1.18,1,2,1,116
35.77,17.02,13.27,20,18.4,0,0.88,1,3,2,192
14.5,18.02,12.24,20,12.4,0,2.22,1,5,2,100
27.69,14.14,5.64,15,4.6,0,2.16,3,8,3,263
13.52,25.29,6.4,20,0.0,0,2.28,1,1,1,249
32.42,14.58,7.83,20,5.0,0,0.89,2,12,1,303
15.54,19.5,7.16,15,8.0,0,1.34,1,3,2,204
35.7,16.83,9.38,15,20.0,0,3.03,1,3,2,145
7.42,13.98,9.45,15,4.0,0,2.91,2,3,2,191
11.87,9.93,8.12,10,6.0,1,3.42,1,2,1,255
22.58,11.96,12.36,10,7.8,0,1.89,3,10,4,312
26.02,22.78,9.04,15,7.2,0,3.2,1,5,2,192
38.56,5.01,12.96,15,17.6,0,1.44,2,8,3,136
26.32,16.36,7.67,10,7.7,0,2.76,3,8,3,243
31.15,16.04,10.98,10,11.9,0,2.14,2,11,4,259
14.52,3.4,16.18,20,16.4,0,4.04,2,8,3,106
21.36,9.15,6.06,20,10.2,0,1.68,3,4,2,216
15.93,19.79,9.37,15,7.7,0,1.77,1,6,3,125
22.75,16.09,9.65,20,16.4,0,0.64,1,1,1,163
25.63,21.08,4.78,5,7.9,0,1.14,3,4,2,351
17.74,11.25,8.76,10,6.3,0,1.86,2,5,2,201
29.43,18.16,12.29,20,6.6,0,1.84,2,12,1,262
31.46,13.76,5.69,15,11.0,0,0.52,1,8,3,185
5.15,7.77,7.85,10,16.5,0,1.29,3,4,2,165
11.77,5.35,9.95,5,7.6,0,1.42,3,1,1,350
16.41,18.79,7.49,10,9.6,0,0.3,3,2,1,465
18.74,7.3,4.66,15,14.9,0,0.44,2,12,1,247
24.42,10.69,7.44,20,8.0,1,0.92,1,11,4,227
25.75,15.84,5.28,10,16.6,0,1.31,3,6,3,246
13.39,2.86,1.87,10,14.1,0,0.63,3,6,3,186
21.31,5.78,6.58,15,13.7,0,3.41,3,9,4,183
17.44,7.44,6.09,10,9.9,0,1.98,2,4,2,199
35.52,14.52,3.74,15,6.0,0,3.3,2,2,1,281
22.1,23.32,10.65,10,10.0,0,1.82,3,3,2,308
17.44,17.37,8.47,15,6.1,0,0.3,1,1,1,336
31.3,16.82,12.51,15,9.8,0,2.41,2,5,2,243
18.4,17.83,9.78,10,8.5,0,3.44,1,4,2,197
7.15,27.94,11.56,15,16.8,0,3.48,1,1,1,156
20.62,7.17,8.87,20,11.5,0,4.1,2,5,2,162
17.35,19.1,7.34,20,20.6,0,1.61,2,7,3,132
12.24,15.41,5.13,5,7.5,0,2.0,3,6,3,245
26.99,21.09,7.52,10,11.6,0,2.76,1,6,3,174
26.15,20.05,7.77,15,9.3,0,1.35,1,7,3,166
26.38,21.73,10.22,20,10.9,1,0.3,2,1,1,527
47.39,15.91,9.45,15,7.7,0,2.51,3,1,1,374
19.78,14.91,10.94,10,21.7,0,2.12,3,5,2,185
0.63,14.9,8.79,10,7.3,0,1.18,3,1,1,303
18.63,20.31,9.74,10,2.3,1,2.73,1,7,3,250
19.3,10.71,7.71,15,14.0,0,2.89,1,11,4,140
28.58,16.49,7.64,20,12.3,0,3.28,2,7,3,136
33.81,12.87,6.27,15,18.7,0,3.05,1,1,1,137
26.53,15.09,7.89,20,8.4,0,2.24,2,11,4,209
4.17,14.63,10.75,20,18.5,0,2.13,2,8,3,93
20.41,18.91,4.17,10,17.8,0,1.71,3,6,3,232
21.88,13.03,12.86,15,5.9,1,2.55,3,12,1,423
10.84,13.09,6.69,5,8.9,0,2.34,3,4,2,273
32.1,19.04,5.39,20,8.4,0,2.58,1,7,3,159
20.28,6.39,5.19,15,23.8,1,1.75,1,6,3,76
15.28,17.82,7.3,20,16.5,0,1.63,1,4,2,112
23.29,17.45,13.01,10,8.7,0,0.74,2,10,4,294
14.64,22.19,10.02,10,11.3,0,2.74,1,7,3,150
25.12,15.63,4.84,5,12.4,1,0.77,2,8,3,302
32.12,10.38,5.48,20,10.8,0,1.8,1,4,2,133
22.3,26.45,7.46,5,1.1,0,2.31,1,1,1,303
13.75,21.46,8.61,10,5.8,0,1.59,1,7,3,217
11.1,18.77,10.42,20,0.0,1,2.54,1,8,3,187
26.74,14.82,15.14,20,1.9,0,1.48,2,7,3,193
16.39,21.13,6.76,5,14.3,0,2.48,2,10,4,278
21.52,9.28,9.76,10,8.0,0,1.67,2,4,2,220
16.83,13.19,8.71,15,9.5,0,0.3,2,11,4,318
20.17,13.71,11.55,10,16.8,0,2.29,1,7,3,125
35.21,12.08,10.46,15,10.1,0,0.48,2,7,3,250
17.41,25.04,6.46,15,18.0,0,2.94,2,6,3,148
24.3,12.97,3.76,15,10.0,0,2.59,1,3,2,153
14.16,10.13,10.57,10,12.6,0,2.12,2,8,3,189
19.66,23.19,4.79,15,5.3,0,4.07,2,12,1,261
20.83,17.39,7.91,10,6.5,0,1.99,1,10,4,216
20.66,10.16,10.71,10,15.0,0,2.53,2,10,4,175
23.02,12.92,5.05,15,11.2,0,1.09,1,10,4,162
13.93,20.76,7.76,20,14.4,0,1.08,2,2,1,193
21.71,14.73,6.9,10,16.6,0,3.52,2,8,3,181
39.12,13.39,15.98,5,16.3,0,1.46,3,8,3,278
16.05,14.13,8.24,15,9.3,1,3.22,2,1,1,271
32.65,28.32,4.49,5,16.9,0,1.83,2,10,4,269
46.11,26.17,7.62,5,15.9,0,2.82,1,5,2,228
22.6,15.1,6.12,20,8.8,0,4.07,2,6,3,148
38.56,13.79,13.89,20,3.2,0,0.3,1,3,2,325
12.01,12.36,3.74,10,6.8,1,3.24,2,8,3,249
37.4,4.88,4.38,20,14.5,0,3.73,3,3,2,217
27.03,8.5,11.66,15,11.1,0,3.48,2,8,3,165
37.25,11.78,8.57,10,5.5,0,3.4,3,2,1,404
16.04,12.74,9.13,15,15.6,0,3.01,1,6,3,88
26.59,11.4,12.5,20,11.1,0,1.57,3,7,3,213
13.53,6.3,13.35,20,10.1,0,2.11,2,5,2,137
21.68,27.4,11.29,20,14.0,0,1.98,2,5,2,231
7.72,24.94,5.04,15,7.6,0,2.09,3,6,3,255
24.17,3.6,6.98,20,9.3,0,3.09,1,3,2,85
16.41,26.39,10.02,10,9.3,0,1.78,1,2,1,240
17.97,11.25,13.03,5,13.6,0,0.3,1,7,3,259
33.27,21.58,5.18,15,12.5,0,2.49,1,6,3,169
1.24,25.19,5.34,5,2.2,0,1.6,2,6,3,226
15.52,12.73,10.67,20,12.5,0,2.97,2,7,3,127
15.59,19.68,5.87,5,14.1,0,2.2,3,5,2,305
28.71,27.11,5.05,20,6.6,1,1.04,1,12,1,336
36.38,14.35,8.81,20,19.1,0,1.51,1,10,4,126
22.47,16.51,8.07,10,8.1,0,2.06,3,10,4,342
19.96,0.0,7.29,15,8.3,0,0.98,1,1,1,193
36.24,13.95,3.85,10,4.9,0,2.15,2,9,4,314
29.25,14.74,3.88,10,7.5,0,1.0,1,9,4,252
24.84,16.2,7.88,10,14.0,0,1.71,1,5,2,173
36.23,10.57,10.36,15,10.2,0,1.05,2,8,3,205
25.94,13.77,6.17,20,0.0,0,1.42,2,8,3,213
18.86,17.26,11.74,20,8.9,0,0.86,3,11,4,288
37.53,16.38,12.68,20,4.6,0,2.21,3,8,3,250
28.36,24.69,9.7,5,13.2,0,1.91,2,3,2,270
18.34,1.65,3.87,15,15.3,0,3.0,2,7,3,130
14.4,7.63,7.88,5,9.9,0,2.28,3,4,2,271
23.83,13.13,13.66,10,12.2,0,1.46,2,4,2,263
27.66,26.71,4.86,20,1.0,0,2.44,1,5,2,241
22.03,18.73,9.54,10,11.7,0,3.56,1,6,3,166
19.43,18.31,4.51,20,6.7,1,3.37,3,11,4,334
25.54,7.84,9.27,10,16.0,0,1.15,2,2,1,251
42.23,17.81,11.3,20,13.9,1,1.49,1,9,4,264
28.59,21.08,6.11,20,10.1,0,5.11,2,8,3,178
30.41,16.58,5.5,5,12.9,0,1.15,1,8,3,189
24.07,14.45,7.06,5,12.0,0,2.27,2,10,4,224
29.25,5.06,7.58,5,7.9,0,2.06,2,6,3,166
25.22,9.47,7.21,5,6.4,0,1.45,1,7,3,166
32.18,29.96,13.65,5,17.9,0,3.67,3,6,3,275
23.26,24.18,8.19,20,4.1,0,2.09,1,7,3,168
30.97,5.23,7.96,5,16.2,0,0.79,2,4,2,210
26.03,14.44,4.76,5,9.2,0,2.05,2,5,2,236
32.53,9.56,5.46,10,10.7,1,2.11,1,12,1,260
12.24,12.51,7.92,15,8.3,0,3.36,1,1,1,139
21.45,9.32,3.38,10,6.4,1,2.94,2,6,3,268
44.13,22.24,10.44,10,13.9,0,2.59,1,9,4,210
42.47,16.3,9.86,5,15.0,0,3.87,3,7,3,275
50.98,20.94,8.73,10,10.5,0,2.45,1,1,1,285
29.87,17.47,9.68,10,9.0,0,2.37,1,4,2,220
22.3,12.02,5.32,15,3.7,0,2.39,2,1,1,273
33.75,12.52,8.34,10,1.6,0,0.3,3,2,1,502
19.94,11.54,3.24,5,8.0,0,0.76,2,5,2,312
35.48,11.5,7.64,20,16.2,0,2.45,3,2,1,217
14.99,11.56,5.89,5,24.3,0,1.84,1,6,3,100
32.72,20.94,11.03,10,9.3,0,1.52,2,7,3,220
8.43,10.83,10.23,10,7.8,0,2.33,2,2,1,238
25.32,14.03,8.84,20,0.0,0,3.64,3,1,1,328
42.91,20.99,9.52,10,9.1,0,3.55,1,1,1,267
6.85,16.08,7.3,10,16.4,0,0.3,1,12,1,273
28.93,2.66,9.32,15,5.3,0,2.86,1,6,3,145
20.07,8.48,11.96,15,1.3,0,1.46,2,1,1,283
41.09,17.26,9.0,20,14.8,0,2.86,2,11,4,210
6.52,14.95,9.67,5,4.3,0,0.64,3,2,1,379
11.24,12.96,8.84,5,9.3,0,2.1,1,3,2,205
48.67,16.14,4.96,15,11.5,0,2.58,2,11,4,309
20.49,18.4,18.31,20,5.9,0,3.66,1,5,2,182
23.63,18.28,9.91,15,9.7,1,2.38,3,9,4,358
20.9,7.27,8.47,5,2.5,0,1.52,3,2,1,379
31.05,8.26,9.22,15,1.9,0,2.52,1,8,3,172
21.06,21.5,5.75,20,18.0,0,0.3,2,4,2,259
22.59,17.45,6.92,5,15.6,0,1.53,1,1,1,248
15.44,17.84,7.16,10,11.6,0,3.68,1,9,4,145
26.91,11.61,5.84,15,9.7,0,3.2,3,12,1,305
29.66,15.5,9.58,5,6.6,0,3.76,2,7,3,245
36.32,19.85,1.94,15,11.6,0,3.83,2,12,1,240
30.74,11.57,6.49,20,9.9,0,4.0,1,11,4,157
28.53,4.81,6.33,15,10.1,0,3.44,1,4,2,129
24.29,19.83,8.48,15,8.2,0,1.12,2,7,3,238
38.7,11.97,9.9,5,5.7,0,1.88,2,8,3,255
11.97,10.91,4.18,5,10.2,0,2.04,1,7,3,118
19.49,22.01,12.6,15,8.2,0,2.82,2,2,1,259
20.2,11.67,6.06,20,5.2,1,2.36,2,5,2,245
16.83,15.12,7.09,5,11.1,0,1.05,1,3,2,217
27.32,26.14,7.56,10,9.9,0,2.81,1,10,4,232
22.34,8.42,8.24,20,0.0,0,1.95,1,7,3,152
31.16,20.43,12.81,5,9.3,0,2.12,1,9,4,294
13.95,15.18,10.39,5,21.4,0,2.9,3,3,2,208
26.0,13.05,4.1,5,1.1,0,1.51,1,4,2,264
39.08,13.18,6.2,15,6.5,1,3.16,1,1,1,308
15.85,3.9,3.72,20,2.9,0,1.18,3,2,1,245
19.61,13.63,9.97,20,13.8,0,2.5,2,4,2,122
27.66,0.11,8.9,15,8.2,0,2.64,1,8,3,103
17.92,15.73,10.96,5,10.1,0,1.81,1,11,4,240
18.22,14.65,10.85,15,6.5,0,1.56,1,11,4,221
19.3,18.14,9.18,10,4.7,0,3.57,2,6,3,224
22.14,14.0,11.23,20,5.8,0,3.66,3,11,4,288
16.6,15.82,5.29,20,8.2,0,2.92,1,11,4,138
54.1,21.06,11.83,15,15.3,0,2.39,1,5,2,240
15.06,12.79,8.19,10,0.9,0,3.87,1,8,3,158
22.36,8.43,11.64,20,12.0,0,2.11,2,8,3,154
42.8,10.5,4.01,15,17.9,0,4.08,3,7,3,195
25.34,17.23,5.28,15,17.6,1,3.98,1,4,2,133
25.78,10.04,2.03,5,11.3,0,4.11,1,10,4,174
5.34,10.58,11.63,20,5.8,0,2.6,2,8,3,117
32.64,24.03,10.02,15,14.8,0,0.35,2,4,2,307
29.75,8.98,7.83,15,19.5,0,1.61,1,4,2,101
24.78,18.84,8.69,5,15.2,0,0.98,2,12,1,333
15.03,15.64,8.11,20,3.4,0,2.74,2,3,2,172
19.63,12.39,6.29,15,6.7,0,2.73,3,3,2,275
24.06,28.5,12.31,5,6.7,1,1.48,2,4,2,457
34.8,19.39,2.4,20,16.1,0,2.48,3,4,2,207
27.7,15.63,2.26,15,3.3,1,5.07,1,2,1,307
3.23,15.27,14.62,20,20.3,0,4.07,2,1,1,92
8.91,24.13,7.99,20,17.8,0,1.82,1,7,3,61
19.07,19.8,7.35,10,6.6,0,1.97,1,10,4,195
35.38,14.83,11.71,5,6.9,0,2.84,2,10,4,328
7.84,6.99,7.45,5,9.9,0,3.66,1,4,2,161
24.02,10.88,8.79,10,5.4,0,2.87,3,4,2,275
20.95,16.51,8.74,5,14.1,0,0.3,2,11,4,380
22.16,19.19,4.18,20,12.0,0,2.43,1,2,1,144
34.34,20.43,6.08,10,12.5,0,2.7,3,2,1,306
35.96,9.35,11.93,20,21.4,0,1.61,1,4,2,157
26.09,18.12,10.0,15,14.6,0,0.45,1,3,2,209
6.91,7.18,8.86,5,2.9,0,2.16,3,4,2,261
34.27,10.77,10.02,15,11.8,0,3.58,1,2,1,160
36.41,19.63,9.81,10,19.2,0,1.3,3,5,2,311
16.26,10.65,13.09,5,7.1,1,1.44,3,9,4,430
16.06,22.85,5.83,15,7.8,0,1.42,2,1,1,259
39.16,15.46,11.92,15,7.8,0,1.2,2,6,3,206
16.03,8.0,7.97,20,7.4,0,1.82,1,9,4,131
35.17,10.28,4.18,5,14.5,0,2.32,1,11,4,218
28.61,14.24,9.47,5,9.7,0,2.62,1,2,1,227
32.79,9.26,4.97,15,4.3,1,1.62,2,1,1,372
25.46,20.22,12.45,10,6.8,0,1.43,3,4,2,337
32.31,17.29,7.78,20,8.1,0,0.92,1,4,2,187
7.41,17.22,9.52,20,4.7,0,2.84,2,11,4,203
15.4,24.8,7.11,15,13.6,0,1.84,2,3,2,224
15.83,18.36,6.16,15,4.9,0,1.16,1,12,1,203
18.52,17.17,8.81,15,15.0,0,3.18,2,1,1,200
24.09,11.59,9.4,5,15.9,0,1.24,3,1,1,300
29.47,17.67,9.17,10,6.3,0,1.92,1,1,1,253
31.16,13.59,5.74,10,5.6,0,0.73,1,2,1,271
10.12,17.58,8.15,20,15.1,0,1.2,2,5,2,166
26.18,15.52,11.06,5,20.2,0,2.48,2,11,4,233
18.96,15.44,1.85,20,16.2,0,1.87,2,10,4,120
15.42,15.79,4.25,10,10.1,0,2.04,3,3,2,283
38.7,12.46,9.42,15,13.2,0,3.43,1,6,3,146
21.48,9.28,10.91,5,20.3,0,0.94,3,4,2,266
26.27,18.88,2.27,10,6.2,0,1.65,2,10,4,249
16.38,12.3,6.11,5,5.8,0,0.65,1,4,2,240
30.67,19.72,7.25,10,16.9,0,0.37,1,3,2,269
19.7,12.85,2.37,20,13.5,0,0.77,2,2,1,246
17.64,12.07,3.66,20,8.7,0,1.11,1,11,4,114
17.73,18.35,5.1,15,13.0,0,2.56,1,2,1,176
32.75,11.56,1.87,15,6.9,1,2.17,1,12,1,250
40.61,11.75,5.25,15,2.5,0,1.93,1,4,2,228
31.33,18.69,18.49,15,6.5,0,2.93,2,10,4,296
7.98,7.1,12.28,20,10.7,0,0.4,3,7,3,236
21.28,13.65,7.89,10,13.5,0,3.04,2,2,1,250
49.42,13.07,3.27,15,11.0,0,1.14,1,5,2,244
28.65,6.88,2.75,5,13.8,1,0.84,1,9,4,276
21.33,18.14,5.17,10,10.2,0,1.93,1,9,4,184
26.78,20.19,6.08,20,12.8,0,1.55,1,11,4,173
12.8,11.32,3.88,20,9.5,0,4.07,2,12,1,166
22.91,16.54,4.6,10,10.3,0,4.21,1,6,3,145
17.84,14.99,3.9,5,7.3,0,2.16,1,6,3,161
21.61,15.13,6.67,5,9.3,0,1.65,2,8,3,191
30.46,19.12,9.91,15,2.8,0,3.21,2,12,1,328
35.09,19.0,11.85,20,17.7,0,1.8,3,4,2,236
15.19,8.13,0.09,10,16.4,0,0.89,3,10,4,273
11.01,15.94,10.06,20,11.8,0,2.29,3,2,1,231
28.91,14.21,9.62,10,3.6,0,1.7,3,11,4,341
27.86,22.06,10.59,15,12.9,0,2.54,2,10,4,238
30.43,14.16,8.77,5,13.0,1,2.82,1,7,3,217
14.0,14.76,7.51,5,23.9,0,3.14,1,3,2,112
32.31,12.65,13.47,20,14.3,0,0.87,1,8,3,141
18.98,12.99,4.04,15,9.4,0,2.79,1,12,1,189
33.65,0.0,4.27,20,6.8,1,1.42,3,3,2,273
29.93,15.24,10.63,10,10.0,0,3.23,2,1,1,289
25.7,9.54,7.69,15,7.5,0,2.61,1,2,1,208
16.49,12.14,5.87,5,17.6,0,1.28,1,5,2,148
13.8,32.32,6.98,15,15.1,0,1.33,2,12,1,274
18.02,12.21,5.39,15,5.5,0,1.43,3,9,4,276
15.04,21.51,4.7,5,6.3,0,1.39,3,2,1,388
27.26,12.04,10.25,5,11.8,0,3.07,3,12,1,305
22.49,3.57,13.1,5,18.6,1,0.48,1,11,4,255
26.63,11.41,5.95,15,9.6,0,2.85,1,7,3,149
23.35,20.36,5.25,10,10.5,0,1.91,3,7,3,211
25.71,13.05,8.41,5,0.5,0,1.93,2,3,2,303
25.02,16.09,13.04,15,8.5,0,1.38,3,12,1,364
24.23,17.24,8.14,5,5.4,0,0.3,3,10,4,498
27.44,16.48,7.19,15,0.0,1,3.58,3,2,1,471
12.34,22.34,10.11,20,7.2,0,0.72,2,1,1,335
16.07,15.81,10.85,5,0.5,0,1.23,2,10,4,323
18.3,20.06,6.25,15,6.9,0,2.43,3,10,4,267
0.0,22.52,10.59,10,8.6,0,2.25,3,1,1,299
40.41,19.45,8.19,15,10.2,0,3.14,2,1,1,272
17.64,5.4,4.8,20,0.0,0,1.97,3,12,1,282
25.71,13.45,9.78,15,13.4,0,1.27,2,12,1,247
20.37,15.3,5.51,10,14.1,0,1.68,1,2,1,188
17.28,8.49,11.11,5,3.4,1,1.19,2,2,1,426
14.49,17.53,7.01,5,6.8,0,0.3,1,7,3,275
29.58,6.7,8.64,10,11.7,0,2.78,1,2,1,162
29.02,25.12,7.89,20,12.2,0,3.74,2,3,2,220
25.86,4.72,6.12,20,2.9,0,2.43,2,8,3,178
35.68,15.37,0.07,20,14.3,0,3.1,1,1,1,126
30.72,0.0,5.29,5,7.8,0,0.3,2,2,1,398
20.42,19.35,4.96,5,11.3,0,2.31,3,2,1,377
25.51,9.25,3.55,15,0.0,0,5.21,1,9,4,195
21.73,16.51,2.57,5,16.0,0,0.62,2,6,3,262
43.32,4.0,9.64,5,3.1,0,2.94,1,11,4,228
26.52,10.7,7.07,5,8.7,0,1.29,2,6,3,228
4.22,20.7,1.06,15,18.4,0,1.97,2,3,2,146
45.48,15.48,9.58,20,9.4,0,0.99,1,10,4,276
11.25,10.85,1.35,15,8.4,0,1.95,1,10,4,134
44.51,19.05,8.07,20,10.7,0,0.59,2,3,2,289
25.37,12.83,6.91,5,10.9,0,2.42,3,11,4,285
25.81,23.22,9.2,5,14.2,0,0.3,2,1,1,479
28.54,19.15,10.47,15,0.2,0,1.49,1,2,1,291
23.48,23.95,11.92,10,2.2,0,4.48,3,11,4,347
31.06,11.01,10.25,15,14.9,0,2.45,3,7,3,190
21.85,31.49,6.97,5,11.2,0,2.14,2,8,3,288
11.38,8.09,3.39,15,8.3,0,1.35,2,3,2,175
28.85,3.22,7.58,10,5.4,0,2.45,1,6,3,184
27.73,24.81,8.99,20,16.9,1,1.55,1,4,2,196
25.46,16.16,8.65,10,9.5,0,4.07,3,3,2,284
36.58,8.97,3.76,10,20.2,0,3.11,2,6,3,140
29.58,29.69,8.63,15,9.7,0,4.0,2,4,2,247
30.25,10.99,6.95,15,6.6,1,2.07,2,4,2,308
26.82,14.9,13.72,20,5.4,1,1.79,2,7,3,231
16.29,18.35,9.33,5,14.6,0,2.82,3,12,1,315
19.26,8.85,8.42,20,14.5,0,0.93,3,2,1,245
26.33,18.77,11.6,5,5.5,1,0.74,3,12,1,579
18.44,9.86,14.01,15,15.6,0,2.05,3,7,3,177
30.06,9.41,11.11,20,15.5,0,2.06,1,2,1,182
31.24,23.93,6.79,5,6.5,1,1.46,2,6,3,338
31.43,23.78,8.68,15,10.1,0,3.19,1,12,1,224
38.62,15.11,9.73,20,16.2,0,1.34,2,7,3,159
16.85,8.04,5.83,10,13.8,1,2.09,1,11,4,157
5.37,3.14,12.19,15,15.4,0,2.03,1,2,1,92
25.64,13.36,2.25,5,3.7,0,2.31,1,9,4,233
35.04,17.7,6.27,20,6.9,0,1.89,3,10,4,269
18.45,15.42,4.45,20,8.9,0,2.17,1,7,3,111
23.0,10.61,7.17,5,11.6,0,1.86,2,12,1,249
25.7,23.13,6.65,5,9.5,0,4.51,1,3,2,210
23.09,18.86,7.7,5,10.9,0,2.35,2,10,4,289
30.06,15.74,9.77,15,10.8,0,2.74,3,4,2,267
26.02,11.64,5.59,5,13.8,0,2.77,2,8,3,201
11.45,9.1,8.9,10,12.3,0,1.32,1,9,4,146
42.77,13.39,1.97,15,6.4,1,2.02,2,9,4,339
31.94,5.16,8.68,15,14.3,0,3.05,2,7,3,145
25.77,24.11,9.9,15,13.2,0,1.81,2,3,2,235
26.45,12.27,8.82,20,14.2,0,2.8,2,2,1,198
15.26,15.51,9.36,10,6.7,1,3.65,2,2,1,317
13.56,3.42,8.73,5,1.4,0,1.88,1,1,1,220
16.46,17.42,4.83,5,12.8,0,1.25,1,1,1,214
32.46,20.05,3.28,10,6.9,1,1.64,1,7,3,276
42.47,26.9,5.49,5,2.8,0,2.35,1,12,1,356
34.37,22.76,7.97,20,6.8,0,0.82,1,1,1,275
22.63,16.26,3.05,15,14.2,0,3.37,1,9,4,134
31.56,12.29,4.55,5,13.8,0,1.91,2,8,3,203
39.25,11.99,4.24,5,16.8,0,2.1,2,8,3,217
18.26,16.82,7.96,5,13.4,0,2.26,2,4,2,231
36.58,10.2,10.38,20,8.9,0,1.11,1,6,3,163
32.77,9.0,4.44,5,12.5,0,1.09,3,11,4,329
17.03,14.72,3.42,5,9.2,1,2.31,2,9,4,324
31.09,12.46,7.78,5,3.2,0,1.71,1,1,1,317
46.97,19.15,0.47,10,16.0,0,3.24,1,4,2,203
22.76,7.26,8.63,5,8.0,0,1.44,1,8,3,171
35.35,9.5,3.57,10,18.9,0,2.98,1,10,4,138
22.56,15.16,4.89,15,15.0,1,2.01,1,1,1,175
34.44,9.38,4.4,10,3.0,0,3.57,1,5,2,210
18.06,12.62,5.78,5,13.0,0,1.16,2,11,4,239
21.36,7.32,12.65,10,10.4,0,2.21,2,8,3,207
28.63,10.05,8.12,5,10.2,0,2.29,2,12,1,287
37.91,21.75,7.78,10,6.4,0,0.71,3,2,1,478
38.78,22.44,8.97,20,10.9,0,2.82,2,4,2,269
21.57,13.65,4.09,10,19.0,1,2.1,2,1,1,236
34.98,22.53,10.95,5,6.1,0,1.72,2,8,3,255
33.33,13.79,9.48,20,3.3,0,1.71,1,8,3,172
41.71,10.19,2.49,15,9.0,0,3.91,3,7,3,253
21.49,22.87,2.93,5,14.0,0,1.47,2,10,4,281
19.23,32.34,5.8,15,10.7,0,2.6,2,5,2,277
38.49,33.02,7.83,5,10.7,0,2.18,2,11,4,315
14.24,26.99,11.87,15,12.9,0,2.51,1,1,1,205
19.99,4.89,12.15,5,9.3,0,2.68,1,4,2,163
17.74,22.29,7.74,20,11.0,0,0.3,3,10,4,400
29.0,20.93,6.23,10,8.2,0,2.43,2,3,2,228
17.89,10.56,10.88,20,15.1,0,3.32,1,8,3,97
17.43,20.18,10.83,5,19.4,0,1.36,2,10,4,245
30.47,18.7,12.56,10,0.0,0,0.3,2,7,3,353
41.6,4.65,8.24,15,9.7,0,3.83,1,3,2,180
31.82,10.62,4.94,20,15.3,0,0.89,2,2,1,233
31.6,8.52,3.47,5,5.9,0,3.05,1,4,2,191
24.43,26.69,9.15,15,17.8,0,2.18,1,1,1,186
28.65,29.07,6.31,15,5.7,0,0.3,3,11,4,473
22.31,23.01,6.31,15,8.7,0,4.04,1,5,2,174
20.79,28.85,5.15,5,20.4,0,0.95,2,8,3,200
12.78,16.3,5.0,10,12.0,0,0.98,1,10,4,143
22.35,17.31,8.2,10,6.5,0,0.3,1,10,4,334
24.4,14.96,7.34,5,12.1,0,1.84,2,1,1,263
34.5,13.94,8.53,5,2.7,0,2.27,2,1,1,336
26.79,20.44,6.34,20,5.9,1,2.3,1,9,4,279
23.31,3.9,8.92,20,13.9,1,0.45,2,4,2,298
10.57,4.46,13.51,10,11.6,0,1.48,3,5,2,232
7.55,12.64,6.41,20,7.3,0,1.02,2,12,1,194
24.92,10.18,7.96,15,12.2,0,0.3,1,10,4,278
21.3,2.72,11.84,10,8.6,0,1.07,2,4,2,219
26.01,24.41,6.88,15,10.8,0,2.72,1,4,2,171
18.51,30.21,8.88,20,17.2,0,1.17,1,11,4,137
28.37,22.42,7.21,5,11.6,0,2.15,1,3,2,241
14.94,14.05,3.41,5,15.2,0,2.68,1,7,3,133
35.51,18.48,10.38,15,13.9,0,0.32,2,3,2,352
36.2,15.99,10.69,15,13.0,0,1.85,3,11,4,288
0.0,13.39,6.8,5,6.7,0,2.63,2,1,1,256
23.03,5.83,8.94,10,12.2,0,3.06,1,9,4,167
10.65,12.63,9.4,10,7.8,0,2.28,3,9,4,267
24.04,16.99,8.76,5,14.6,1,1.01,2,6,3,323
9.49,11.11,12.37,20,9.7,0,2.72,1,9,4,117
0.98,17.95,12.29,20,15.8,0,2.26,1,10,4,81
24.9,18.91,10.95,5,11.8,0,0.49,3,1,1,410
28.22,11.98,0.74,20,19.6,0,4.5,2,5,2,116
25.76,13.12,9.25,20,13.5,0,2.3,2,4,2,191
43.61,5.12,12.92,20,7.7,0,2.26,1,11,4,172
32.08,17.46,3.34,5,1.3,0,2.13,2,10,4,318
20.81,11.65,6.48,10,10.9,0,2.39,1,6,3,114
14.91,11.86,6.73,15,12.1,0,1.71,1,4,2,124
19.42,24.93,6.76,10,13.9,0,2.16,2,5,2,229
19.91,10.03,7.23,10,11.5,0,1.1,1,5,2,200
29.38,24.31,7.6,10,11.8,0,2.22,2,1,1,291
20.75,22.15,6.05,15,10.8,0,1.31,1,11,4,164
27.4,16.67,11.89,20,19.1,0,1.81,3,12,1,247
29.01,19.12,6.6,10,7.7,0,1.32,2,6,3,207
26.28,15.11,8.74,10,1.5,0,2.54,1,2,1,259
20.53,14.82,8.94,15,10.5,1,1.18,3,9,4,325
29.03,27.66,3.51,20,13.2,0,1.68,2,5,2,216
35.73,16.51,6.33,5,22.6,0,2.91,1,4,2,190
4.06,16.68,10.73,5,8.2,0,2.19,1,7,3,154
42.97,12.12,4.75,20,14.7,0,1.9,2,5,2,196
16.2,15.88,11.03,15,9.4,0,0.3,2,2,1,359
10.53,10.5,6.29,5,7.8,0,0.76,3,2,1,311
32.69,11.97,9.8,10,15.5,0,1.35,1,9,4,191
27.42,16.46,7.52,10,23.1,0,0.58,3,7,3,253
26.29,14.39,9.92,5,3.2,0,0.67,1,9,4,276
30.71,13.28,3.96,15,4.7,0,2.23,2,3,2,261
31.2,9.64,6.07,5,8.7,0,1.85,3,10,4,316
30.0,17.18,5.51,10,10.4,0,1.59,2,1,1,272
25.51,15.16,14.66,20,9.5,0,2.8,1,7,3,120
0.0,13.12,11.08,20,15.5,0,1.13,1,9,4,76
31.5,17.73,10.39,20,7.0,0,3.26,2,1,1,303
30.32,15.29,8.84,15,8.1,0,3.23,1,2,1,232
18.4,14.37,6.36,5,13.5,0,2.06,1,5,2,168
18.91,21.88,9.13,10,9.0,1,0.79,1,5,2,279
29.66,21.68,11.27,5,11.7,0,1.7,3,1,1,398
19.55,19.35,10.24,15,8.2,0,2.01,2,2,1,235
11.04,13.63,9.36,5,17.3,0,2.93,2,3,2,198
10.94,12.17,9.54,10,12.2,0,1.94,1,6,3,94
27.79,23.68,3.94,15,11.4,0,1.94,2,5,2,257
27.12,24.62,3.09,5,9.9,0,1.78,1,12,1,302
37.88,25.32,8.85,20,7.9,0,2.18,2,5,2,289
15.32,4.33,8.48,10,9.0,1,1.09,3,7,3,275
34.04,19.22,1.31,20,4.5,0,2.61,1,9,4,258
24.31,9.32,5.33,10,7.8,0,0.81,3,7,3,263
14.04,20.03,4.6,20,5.8,0,1.99,1,4,2,140
27.55,21.5,13.12,15,9.9,0,1.95,3,1,1,372
30.15,10.09,14.66,5,7.6,0,3.0,1,10,4,240
41.02,18.56,6.23,15,0.3,0,2.29,2,7,3,300
13.9,15.44,3.46,15,12.5,1,3.78,2,4,2,244
8.4,15.86,8.25,5,17.2,0,3.54,1,1,1,140
33.88,11.77,4.16,15,18.9,0,1.21,2,5,2,211
19.36,13.64,8.64,10,15.0,0,1.59,2,2,1,265
26.26,12.74,2.21,15,11.9,0,0.64,1,4,2,199
21.51,14.13,8.54,5,5.7,0,1.81,3,12,1,394
25.99,10.36,7.66,5,7.3,0,0.84,2,3,2,270
12.01,12.33,10.13,15,20.1,0,1.86,1,2,1,104
54.15,10.75,9.55,15,12.8,0,1.68,2,3,2,275
21.37,11.62,5.18,20,13.9,0,3.13,1,12,1,85
22.06,5.32,14.35,15,13.5,0,0.96,1,10,4,116
14.59,19.6,5.85,10,7.6,0,1.14,1,4,2,224
25.5,24.74,6.82,5,21.3,0,3.21,2,3,2,194
29.2,14.64,9.26,20,5.7,1,1.36,1,1,1,279
27.76,13.65,7.77,15,15.6,0,0.49,2,2,1,280
22.55,21.0,9.71,15,6.7,0,2.62,3,10,4,300
16.02,24.61,10.06,15,15.0,0,2.82,1,10,4,160
28.95,12.63,5.28,15,19.8,0,1.74,2,7,3,164
21.86,7.97,5.05,10,20.8,0,1.04,1,7,3,111
11.29,17.87,2.32,15,0.0,0,2.86,3,8,3,207
15.69,18.88,3.47,20,10.4,0,1.9,1,7,3,115
19.95,19.37,9.11,20,6.7,0,1.36,2,10,4,259
19.47,8.24,6.67,5,10.7,0,0.8,2,8,3,246
0.0,16.13,5.96,20,14.4,1,0.85,2,10,4,212
29.36,9.0,7.12,5,15.1,0,1.39,3,10,4,317
26.03,17.34,10.1,5,10.7,0,2.16,2,11,4,280
19.3,14.8,7.17,15,2.4,0,1.46,3,10,4,306
27.21,21.14,9.11,15,12.7,0,0.3,3,7,3,342
25.35,18.9,7.82,10,6.1,0,3.07,1,10,4,214
21.47,16.43,8.65,15,15.1,0,1.93,2,8,3,175
21.8,19.88,11.2,10,11.8,0,0.38,2,5,2,308
20.16,18.44,4.03,20,4.6,0,0.76,1,6,3,198
28.03,16.41,12.21,5,26.5,0,0.3,1,4,2,261
23.16,5.77,3.06,10,13.6,0,2.46,1,8,3,116
32.03,17.93,2.82,10,9.6,0,1.15,3,4,2,327
23.17,22.07,11.48,10,11.7,0,2.75,1,6,3,165
20.14,17.63,3.64,10,4.1,0,2.54,1,1,1,213
29.78,18.26,11.86,20,9.4,0,0.57,1,10,4,189
23.47,11.52,8.65,15,10.1,0,2.23,1,4,2,128
19.43,17.87,7.13,20,12.0,0,2.4,1,8,3,108
16.0,10.93,5.77,5,0.8,0,2.78,1,6,3,188
35.55,4.86,13.45,20,11.1,0,2.16,1,2,1,148
32.28,16.15,3.82,20,16.6,0,2.98,3,3,2,229
26.2,25.06,14.4,10,0.3,0,2.44,2,5,2,323
16.43,4.82,6.27,20,7.3,0,2.59,1,8,3,93
47.58,24.76,11.79,15,14.8,0,0.3,1,4,2,353
40.25,16.6,11.62,5,4.2,0,1.87,3,5,2,361
36.43,2.85,5.64,20,24.5,0,1.83,3,9,4,190
29.23,10.55,12.14,20,9.5,0,2.72,1,10,4,166
22.34,19.07,9.73,20,16.2,0,1.43,3,3,2,187
32.21,21.27,9.1,15,10.1,0,1.39,2,5,2,277
27.89,14.29,8.61,5,3.0,0,3.42,3,3,2,365
28.08,11.47,0.0,20,8.1,0,1.5,1,4,2,148
20.7,23.02,7.02,5,9.7,0,1.44,3,1,1,367
24.93,21.94,1.91,10,9.7,0,0.64,2,11,4,302
18.34,12.24,6.02,10,4.8,0,0.3,1,12,1,352
33.29,12.72,6.48,15,11.0,0,1.67,2,10,4,225
22.84,15.04,1.27,15,7.3,0,0.49,1,8,3,204
47.11,15.04,8.49,15,2.6,0,2.99,2,4,2,291
19.65,12.7,6.98,5,6.9,0,2.24,2,7,3,222
26.68,24.32,7.7,20,11.4,0,1.89,3,6,3,194
42.61,20.32,2.7,5,13.3,0,1.11,3,10,4,369
16.37,10.2,2.9,10,5.5,0,1.9,1,3,2,190
36.77,8.77,12.98,5,12.7,0,2.36,1,8,3,174
15.12,10.39,12.5,10,8.7,0,1.16,3,2,1,312
25.91,20.86,12.44,15,19.8,0,2.55,1,9,4,162
24.21,21.12,11.21,15,7.4,0,2.54,1,1,1,204
23.29,5.31,12.44,5,11.1,0,1.93,2,10,4,274
40.02,26.58,13.33,20,14.2,0,2.24,1,10,4,193
38.38,13.59,1.92,10,12.6,0,3.2,1,11,4,166
32.19,18.96,3.48,15,11.7,0,0.3,2,9,4,340
24.18,22.36,10.05,10,9.9,0,2.4,1,2,1,239
8.32,11.46,10.27,10,5.4,0,1.17,2,12,1,274
31.97,15.21,8.24,20,6.4,0,1.1,3,5,2,309
24.73,18.74,8.6,5,19.0,0,2.65,1,8,3,134
17.44,5.61,10.62,5,4.4,0,4.04,2,4,2,231
27.38,12.23,3.42,5,4.8,0,2.46,1,11,4,248
27.22,14.95,6.36,15,11.6,0,1.73,3,6,3,232
23.36,20.52,5.16,20,0.5,0,0.95,2,3,2,287
29.38,16.25,11.31,20,8.3,0,2.42,2,9,4,259
48.46,15.26,6.91,10,15.7,0,0.3,2,7,3,318
21.69,18.0,9.08,10,6.7,0,2.17,2,2,1,318
36.16,18.9,7.19,15,11.6,0,0.85,3,2,1,379
48.15,14.51,9.72,5,1.8,0,0.91,3,2,1,462
29.73,9.28,14.65,10,13.0,0,0.38,1,12,1,274
27.7,3.81,8.9,5,6.9,0,2.35,2,11,4,276
35.86,12.53,3.02,15,6.2,0,2.12,3,1,1,331
26.01,17.86,3.36,5,9.4,0,2.58,3,8,3,265
29.17,7.91,3.84,5,4.6,0,1.19,1,3,2,262
11.74,8.31,10.59,20,18.9,0,2.43,2,5,2,104
24.31,19.17,6.98,5,11.0,0,3.97,3,5,2,321
39.37,20.93,6.16,20,18.8,0,2.26,2,1,1,232
25.9,21.99,6.61,15,10.2,1,2.69,1,4,2,192
44.91,5.07,9.43,10,12.4,0,1.57,2,9,4,240
25.96,13.94,7.55,10,6.7,0,1.23,1,7,3,173
33.33,19.6,10.03,20,3.4,0,1.6,1,9,4,226
17.29,8.06,9.15,20,6.6,0,2.04,1,5,2,151
23.28,8.74,8.37,15,1.5,0,1.45,1,6,3,162
21.47,13.68,9.71,15,9.3,0,1.33,3,5,2,292
26.04,10.1,7.38,15,19.7,0,2.73,3,9,4,193
32.02,21.94,8.92,10,7.5,0,0.54,3,8,3,366
19.7,15.68,7.3,20,14.3,0,0.99,1,2,1,191
13.47,12.16,5.69,10,18.1,0,1.88,3,7,3,193
25.61,9.66,4.2,20,14.5,0,0.83,3,1,1,244
32.1,16.34,7.2,5,11.7,1,2.15,2,6,3,307
40.48,16.46,10.29,5,13.4,0,3.37,3,6,3,288
13.13,11.09,3.71,5,18.0,0,1.78,1,6,3,93
6.57,13.93,10.39,10,15.6,0,2.77,2,10,4,208
19.89,13.06,9.03,20,10.3,0,1.72,1,3,2,159
38.43,6.81,13.49,20,6.5,0,2.31,1,11,4,175
13.4,16.4,7.49,10,6.5,0,1.81,2,10,4,268
19.61,15.93,9.65,10,10.2,0,3.08,3,12,1,312
41.01,16.9,4.45,20,19.7,0,1.98,1,9,4,125
22.17,19.74,9.88,10,14.9,0,2.1,2,3,2,217
24.71,15.72,9.91,5,8.5,0,0.35,1,7,3,266
27.05,17.24,14.88,20,10.4,0,1.19,2,5,2,227
32.81,15.32,7.9,15,4.9,0,3.3,2,8,3,223
23.53,5.32,6.22,5,18.1,0,1.17,3,6,3,209
6.64,12.77,8.52,5,8.9,0,3.82,2,4,2,223
23.85,19.32,8.05,20,24.2,0,0.3,2,4,2,223
28.6,12.35,7.87,5,4.0,0,4.04,1,5,2,253
0.0,13.15,5.83,20,15.0,0,1.45,2,6,3,75
37.63,13.16,7.09,15,5.9,0,0.31,2,11,4,402
22.92,29.27,10.95,20,6.2,0,0.3,2,11,4,381
8.42,11.14,6.84,15,6.5,0,2.38,3,9,4,257
20.38,5.56,7.87,10,7.8,0,3.6,1,9,4,133
42.43,5.59,10.33,15,2.9,0,1.81,1,11,4,226
32.9,16.35,7.51,20,8.0,0,2.32,1,7,3,154
26.6,10.7,3.78,20,13.6,0,0.53,2,11,4,210
23.94,13.27,12.34,20,5.2,1,2.95,1,5,2,206
3.04,18.29,4.17,10,16.4,0,4.41,2,10,4,170
24.53,19.17,5.03,15,0.9,0,2.76,1,6,3,167
34.98,10.79,9.39,5,2.4,0,1.54,2,11,4,336
16.42,26.99,5.03,20,9.7,0,2.3,1,5,2,154
30.72,24.44,4.41,15,8.6,0,2.11,3,8,3,261
17.23,24.86,5.47,10,6.5,0,1.84,3,10,4,314
31.02,17.81,9.33,10,10.6,0,1.32,2,5,2,295
11.73,16.27,8.19,5,3.8,0,2.78,3,10,4,347
28.72,16.27,6.84,10,9.0,0,2.53,2,6,3,195
11.42,20.88,14.25,15,10.4,0,2.18,1,6,3,139
9.34,4.34,9.78,10,2.6,0,3.15,1,10,4,179
20.25,22.53,7.34,10,11.5,0,1.24,2,6,3,202
21.94,20.23,5.13,15,13.1,1,2.41,2,6,3,218
26.11,17.29,8.53,10,16.0,0,2.08,1,4,2,177
15.31,20.69,9.29,10,0.8,0,4.03,2,11,4,264
20.23,17.39,3.22,5,12.0,0,1.47,1,6,3,178
24.36,10.76,11.43,20,14.6,0,1.0,1,9,4,150
36.38,17.54,8.38,10,11.1,1,1.71,3,10,4,403
36.14,18.98,8.54,20,15.4,0,1.77,3,6,3,212
26.09,10.31,10.2,20,12.5,0,3.01,2,3,2,163
39.75,13.56,7.94,10,0.0,0,2.63,3,7,3,306
24.24,14.31,4.3,20,16.1,0,2.57,1,5,2,101
47.12,11.06,11.56,20,8.9,0,0.97,1,11,4,223
39.08,24.0,11.66,5,5.3,0,0.52,2,10,4,444
20.62,17.31,5.47,15,8.2,0,1.18,1,5,2,169
18.72,13.49,7.7,15,5.1,0,2.31,1,11,4,197
22.55,23.23,3.65,5,14.5,0,2.23,1,8,3,157
35.9,13.04,13.41,5,8.1,0,1.53,1,3,2,277
17.04,0.0,7.15,15,15.9,0,2.2,2,1,1,190
30.93,5.08,9.79,10,2.0,0,0.88,2,7,3,265
28.02,14.29,6.81,15,12.8,0,1.0,3,10,4,289
38.27,21.11,9.45,5,15.1,0,1.98,3,1,1,385
15.41,20.61,9.05,5,4.4,0,0.98,1,2,1,292
21.57,11.39,12.47,5,1.4,0,1.62,3,7,3,283
16.98,15.96,4.42,10,12.6,0,3.13,1,8,3,157
36.37,12.15,4.02,10,0.0,0,1.89,3,12,1,393
45.9,9.18,9.12,15,15.6,0,2.39,2,8,3,184
31.79,21.9,7.14,5,11.0,0,0.73,3,7,3,330
33.92,22.66,6.84,10,10.2,0,1.78,1,11,4,226
18.3,10.02,5.88,10,10.6,0,1.96,3,10,4,293
37.7,16.34,8.58,10,10.4,0,0.3,1,4,2,316
16.28,7.79,5.69,15,10.6,0,2.28,1,3,2,124
25.21,16.98,4.8,5,15.5,0,2.58,2,4,2,241
18.39,18.93,7.61,10,9.3,1,3.49,2,12,1,330
21.96,18.26,0.07,15,12.3,0,0.74,2,6,3,208
30.57,23.56,4.67,10,7.4,0,0.95,3,2,1,427
38.82,17.25,8.53,20,7.2,0,1.53,1,10,4,168
13.75,16.45,10.15,10,9.2,0,1.46,2,4,2,197
17.22,19.99,7.13,20,14.8,1,3.25,1,6,3,115
27.32,13.78,6.3,5,7.0,0,4.2,2,5,2,260
24.37,9.95,5.05,10,13.8,0,1.16,1,10,4,162
28.17,5.91,8.53,10,16.8,0,1.08,2,8,3,176
17.9,16.99,6.6,15,12.1,0,2.49,2,8,3,151
19.41,2.27,3.63,15,16.8,0,2.12,2,8,3,98
14.8,17.58,11.23,10,11.7,1,0.3,3,4,2,455
29.51,14.25,12.39,20,8.8,0,1.81,1,6,3,128
19.45,14.08,12.6,10,14.0,0,0.61,3,11,4,320
31.55,25.93,10.48,20,5.3,0,1.57,2,4,2,278
32.05,3.9,7.76,20,5.2,1,3.08,3,1,1,390
27.24,5.28,8.66,10,2.3,0,2.99,1,7,3,180
37.23,3.94,5.02,5,0.0,0,2.3,1,4,2,233
32.46,11.59,1.34,15,6.4,0,0.98,1,10,4,246
38.42,14.07,4.91,15,7.2,1,3.4,2,11,4,320
17.34,24.44,0.0,10,11.1,0,2.92,3,3,2,277
34.92,4.52,7.45,20,0.0,0,1.47,1,8,3,166
28.28,2.7,7.93,10,10.7,0,0.3,1,1,1,316
23.93,17.26,13.19,20,2.3,0,2.62,1,2,1,217
42.87,22.09,7.47,20,4.1,0,3.57,1,4,2,224
17.72,14.51,2.7,20,10.6,0,2.13,3,1,1,243
25.26,18.76,6.39,5,10.5,0,1.65,1,11,4,221
26.92,8.55,7.78,10,19.4,0,2.86,1,3,2,123
22.78,13.29,10.13,10,10.2,0,4.04,3,5,2,266
33.14,12.65,9.07,15,3.5,0,1.17,2,9,4,299
41.09,29.72,10.38,5,12.2,1,0.92,3,10,4,581
35.91,9.57,8.38,5,15.5,0,1.73,2,4,2,258
13.65,7.11,9.14,10,15.5,0,0.67,2,2,1,252
17.07,13.63,4.72,10,11.8,0,2.2,1,4,2,121
34.59,10.7,8.25,5,21.1,0,1.15,2,7,3,166
15.74,11.57,9.61,15,12.9,0,2.37,2,1,1,225
24.07,6.05,9.96,10,13.7,0,3.53,2,12,1,222
14.43,14.69,5.16,15,0.0,0,2.93,2,8,3,186
4.68,7.22,11.15,15,4.7,0,2.59,1,12,1,144
7.0,30.25,10.49,15,17.3,0,1.83,2,5,2,178
18.08,15.19,7.86,20,19.7,0,1.67,3,8,3,172
31.54,22.63,6.43,15,16.0,0,0.67,2,8,3,242
26.49,6.28,8.22,10,11.4,0,0.3,1,7,3,225
27.8,9.67,6.52,20,8.8,0,3.29,1,12,1,152
29.21,14.33,9.15,5,9.4,0,1.52,3,12,1,369
24.26,7.88,5.74,15,10.6,0,2.74,2,11,4,217
36.32,16.35,5.2,15,13.6,0,3.23,2,12,1,277
26.42,5.94,3.23,15,8.1,0,3.47,1,12,1,132
26.59,26.89,11.68,20,15.8,0,2.17,1,5,2,163
41.41,14.11,7.1,20,13.7,0,1.71,3,5,2,243
21.83,5.57,10.48,15,9.3,0,1.38,1,12,1,207
27.55,24.15,0.47,15,7.4,0,2.29,1,5,2,170
27.55,6.45,8.99,10,14.4,0,3.46,1,3,2,156
38.55,11.23,6.86,10,5.4,0,1.09,2,11,4,346
36.58,18.41,6.77,15,0.3,0,1.18,1,10,4,277
14.01,11.48,17.25,5,13.5,0,3.9,2,11,4,233
16.34,11.36,0.0,5,18.0,0,2.14,2,2,1,232
25.89,5.14,14.47,5,8.8,0,1.38,1,3,2,213
26.22,18.42,10.4,10,5.6,0,1.91,1,1,1,242
44.05,30.31,2.31,15,1.0,0,2.76,1,1,1,353
31.59,19.74,10.85,10,13.8,0,0.53,2,1,1,353
24.93,10.77,10.33,20,2.3,0,1.41,1,1,1,240
31.56,7.02,8.59,10,7.1,0,2.84,1,5,2,145
11.13,8.45,5.92,20,5.6,0,0.84,1,7,3,102
28.81,16.2,3.83,5,12.3,0,2.92,1,8,3,148
31.15,9.41,5.07,10,6.2,1,1.33,2,2,1,372
4.2,15.33,6.47,15,2.2,0,2.24,2,4,2,222
15.87,7.43,12.45,15,1.4,0,2.41,2,10,4,249
23.49,16.9,6.83,20,0.7,0,2.42,1,6,3,145
15.4,17.8,9.36,5,10.5,0,0.3,2,12,1,425
24.18,6.22,12.85,5,14.7,0,1.04,1,1,1,203
24.69,15.34,7.89,10,6.4,0,3.2,2,7,3,207
10.84,15.71,8.48,10,13.3,0,1.33,3,9,4,232
24.99,18.43,9.0,10,13.6,0,0.76,2,7,3,216
30.01,13.53,9.98,15,10.3,0,0.5,1,7,3,220
39.93,23.27,7.11,20,7.0,0,0.41,1,7,3,267
10.21,7.24,11.32,20,8.1,0,3.27,2,4,2,192
14.86,21.38,9.18,10,7.5,0,3.64,2,6,3,234
30.25,19.82,6.91,20,9.6,0,0.3,2,1,1,386
44.58,29.27,4.61,20,7.2,0,2.74,3,9,4,374
19.86,17.71,11.67,20,13.0,0,1.01,1,5,2,156
26.44,20.6,7.97,5,15.9,0,2.29,2,6,3,244
20.03,11.04,8.41,5,7.9,0,2.5,3,6,3,219
3.61,6.16,7.67,20,13.3,0,1.67,2,5,2,130
15.1,20.71,7.22,15,17.6,0,0.3,2,5,2,254
32.96,16.37,3.84,20,11.1,0,4.37,3,2,1,245
23.02,15.91,6.66,20,14.4,0,3.58,1,2,1,61
20.77,3.83,11.09,5,12.7,0,1.54,2,10,4,216
23.41,18.31,5.81,5,6.2,0,0.59,2,1,1,401
20.17,17.23,7.47,10,12.5,0,3.74,2,11,4,182
8.91,24.19,4.38,20,12.8,1,0.67,3,6,3,278
12.25,12.41,8.81,10,9.6,0,3.38,1,10,4,140
21.93,10.05,8.41,10,6.0,0,2.86,3,1,1,296
21.05,10.09,8.57,10,10.0,0,0.7,2,1,1,305
8.84,12.83,7.36,15,11.4,0,1.42,2,6,3,123
31.31,23.64,4.8,20,7.2,0,2.49,1,12,1,210
